{
  "id": "2684710b-4cad-4475-b16d-5abb4a7593f6",
  "prevId": "00000000-0000-0000-0000-000000000000",
  "version": "7",
  "dialect": "postgresql",
  "tables": {
    "public.seat_booking": {
      "name": "seat_booking",
      "schema": "",
      "columns": {
        "booking_id": {
          "name": "booking_id",
          "type": "serial",
          "primaryKey": true,
          "notNull": true
        },
        "booking_date": {
          "name": "booking_date",
          "type": "date",
          "primaryKey": false,
          "notNull": false
        },
        "show_time": {
          "name": "show_time",
          "type": "text",
          "primaryKey": false,
          "notNull": false
        },
        "customer_name": {
          "name": "customer_name",
          "type": "text",
          "primaryKey": false,
          "notNull": false
        },
        "booked_at_datetime": {
          "name": "booked_at_datetime",
          "type": "timestamp",
          "primaryKey": false,
          "notNull": false,
          "default": "now()"
        },
        "seat_id": {
          "name": "seat_id",
          "type": "integer",
          "primaryKey": false,
          "notNull": false
        },
        "amount": {
          "name": "amount",
          "type": "numeric(18, 2)",
          "primaryKey": false,
          "notNull": false
        },
        "current_status": {
          "name": "current_status",
          "type": "text",
          "primaryKey": false,
          "notNull": false
        }
      },
      "indexes": {},
      "foreignKeys": {
        "seat_booking_seat_id_seat_master_seat_id_fk": {
          "name": "seat_booking_seat_id_seat_master_seat_id_fk",
          "tableFrom": "seat_booking",
          "tableTo": "seat_master",
          "columnsFrom": [
            "seat_id"
          ],
          "columnsTo": [
            "seat_id"
          ],
          "onDelete": "no action",
          "onUpdate": "no action"
        }
      },
      "compositePrimaryKeys": {},
      "uniqueConstraints": {},
      "checkConstraints": {}
    },
    "public.seat_master": {
      "name": "seat_master",
      "schema": "",
      "columns": {
        "seat_id": {
          "name": "seat_id",
          "type": "serial",
          "primaryKey": true,
          "notNull": true
        },
        "seat_row": {
          "name": "seat_row",
          "type": "integer",
          "primaryKey": false,
          "notNull": false
        },
        "section": {
          "name": "section",
          "type": "text",
          "primaryKey": false,
          "notNull": false
        },
        "seat_number": {
          "name": "seat_number",
          "type": "text",
          "primaryKey": false,
          "notNull": false
        }
      },
      "indexes": {},
      "foreignKeys": {},
      "compositePrimaryKeys": {},
      "uniqueConstraints": {},
      "checkConstraints": {}
    }
  },
  "enums": {},
  "schemas": {},
  "sequences": {},
  "views": {},
  "_meta": {
    "columns": {},
    "schemas": {},
    "tables": {}
  }
}